Survey.sheet;Clove.benefit.score;Region;Village;Gender;Age;schooling.years;Ethnic.group;Migration.Experience;Farms.Cloves;nr.month.low.supply;encountered.binary;ID.vis.Aye-aye;ID.nom;Knowledge.non.benefit.score.max.6;DK.score;Diet.Insects;Knowledge.signs;Remoteness;village.size;School;Forest.cover2018;Forest.cover1990;Forestloss_total;Forestloss_relative;Farms.Paddy.Rice;Farms.Tavy.Rice;Extracts.Medical.plants;FES.provisioning;FES.regulating;FES.cultural;FES.supporting;ID.vis.Indri;ID.vis.Microcebus;Aye.aye.protected
1;1;0;0;1;51;0;1;0;1;8;0;0;0;4;2;1;0;1;4;1;0,4;16,3;15,9;97,54601227;1;0;1;0;1;0;0;1;1;1
2;1;0;0;1;52;10;1;0;1;6;0;1;1;5;0;1;1;1;4;1;0,4;16,3;15,9;97,54601227;1;0;1;0;1;0;0;1;1;1
3;1;0;0;1;50;2;1;0;1;3;0;0;0;3;1;0;0;1;4;1;0,4;16,3;15,9;97,54601227;1;1;1;1;0;0;0;1;1;1
4;1;0;0;1;58;9;1;0;1;5;1;1;1;6;0;1;0;1;4;1;0,4;16,3;15,9;97,54601227;1;1;0;1;1;0;0;1;1;1
5;0;0;0;0;52;5;1;0;0;1;0;1;1;3;3;0;0;1;4;1;0,4;16,3;15,9;97,54601227;1;0;1;1;0;0;0;1;1;1
6;0;0;0;0;50;5;1;0;1;2;0;0;0;3;2;1;0;1;4;1;0,4;16,3;15,9;97,54601227;1;0;0;1;0;0;0;0;1;1
7;1;0;0;1;53;5;1;0;1;7;0;0;1;4;2;1;0;1;4;1;0,4;16,3;15,9;97,54601227;1;1;1;0;1;0;0;0;1;1
8;1;0;0;1;22;0;1;0;1;3;0;0;0;3;2;0;0;1;4;1;0,4;16,3;15,9;97,54601227;1;0;0;1;0;0;0;1;1;1
9;0;0;0;1;41;4;1;0;1;8;0;0;0;4;2;1;0;1;4;1;0,4;16,3;15,9;97,54601227;1;0;1;1;1;0;0;0;0;1
10;0;0;0;1;18;10;1;0;0;2;0;0;0;5;2;0;0;1;4;1;0,4;16,3;15,9;97,54601227;1;0;1;0;1;0;0;0;0;0
11;0;1;1;1;33;0;1;1;1;3;1;1;1;4;1;1;1;5;2;1;57,9;88,13;30,23;34,30159991;1;0;1;1;1;0;0;1;1;1
12;0;1;1;0;28;6;3;1;1;2;0;0;0;0;10;0;0;5;2;1;57,9;88,13;30,23;34,30159991;1;0;0;0;1;0;0;0;1;1
13;1;1;1;1;23;8;1;0;1;5;0;1;1;3;1;1;1;5;2;1;57,9;88,13;30,23;34,30159991;1;0;0;0;1;0;0;1;1;1
14;1;1;1;1;30;0;1;0;1;3;0;0;1;4;4;1;0;5;2;1;57,9;88,13;30,23;34,30159991;1;1;1;1;0;0;0;1;0;1
15;0;1;1;0;27;5;2;0;1;2;0;0;1;1;3;0;0;5;2;1;57,9;88,13;30,23;34,30159991;1;1;1;1;0;0;0;1;0;1
16;1;1;1;1;35;11;1;0;1;2;1;1;1;3;0;1;0;5;2;1;57,9;88,13;30,23;34,30159991;1;0;0;0;1;1;0;1;1;1
17;0;1;1;0;23;10;2;0;1;4;0;0;0;4;0;1;0;5;2;1;57,9;88,13;30,23;34,30159991;1;0;1;1;1;0;0;1;0;1
18;0;1;1;1;80;0;1;0;1;2;0;0;1;2;7;0;0;5;2;1;57,9;88,13;30,23;34,30159991;1;0;1;0;1;0;0;1;0;0
19;0;1;1;0;30;1;2;0;1;NA;0;0;0;1;9;0;0;5;2;1;57,9;88,13;30,23;34,30159991;1;0;1;1;0;0;0;1;0;0
20;0;1;1;1;20;5;1;0;1;2;0;0;0;2;10;0;0;5;2;1;57,9;88,13;30,23;34,30159991;0;0;1;1;1;0;0;1;1;0
21;1;1;1;1;51;4;1;0;1;6;0;0;0;3;7;0;0;5;2;1;57,9;88,13;30,23;34,30159991;1;1;1;0;1;1;0;1;0;1
22;0;1;1;0;32;9;1;0;1;6;0;0;0;3;3;0;0;5;2;1;57,9;88,13;30,23;34,30159991;1;0;0;1;1;0;0;1;0;-1
23;1;1;1;0;45;0;1;0;1;2;0;0;0;4;4;1;0;5;2;1;57,9;88,13;30,23;34,30159991;1;0;1;0;1;0;0;1;0;1
24;1;1;1;1;32;3;1;0;1;2;0;1;1;5;1;1;0;5;2;1;57,9;88,13;30,23;34,30159991;1;0;1;1;1;0;0;1;1;1
25;0;1;1;0;24;0;1;0;1;3;0;0;0;1;7;0;0;5;2;1;57,9;88,13;30,23;34,30159991;1;0;1;0;1;0;0;1;0;1
26;1;1;1;1;26;9;1;0;1;5;0;0;1;5;1;1;0;5;2;1;57,9;88,13;30,23;34,30159991;1;0;1;1;0;0;0;1;1;1
27;1;1;1;1;30;4;1;0;1;5;1;1;1;3;3;0;0;5;2;1;57,9;88,13;30,23;34,30159991;1;0;1;0;1;0;0;1;1;1
28;1;1;1;1;66;0;1;0;1;2;1;0;1;4;2;1;1;5;2;1;57,9;88,13;30,23;34,30159991;1;0;1;1;1;0;0;1;0;1
29;0;1;1;1;28;6;1;1;0;8;0;0;0;2;3;0;0;5;2;1;57,9;88,13;30,23;34,30159991;0;0;0;0;1;0;1;1;1;1
30;1;1;1;1;30;1;1;0;1;3;0;0;0;4;2;1;0;5;2;1;57,9;88,13;30,23;34,30159991;1;1;1;1;0;0;0;1;1;1
31;1;1;2;1;56;3;1;1;1;3;0;1;1;3;3;1;0;5;1;0;55,8;85,328;29,528;34,60528783;1;0;1;1;0;0;0;1;1;-1
32;1;1;2;1;57;0;2;0;1;5;0;0;1;1;5;0;0;5;1;0;55,8;85,328;29,528;34,60528783;1;1;1;0;1;0;1;1;0;1
33;1;1;2;1;48;5;2;0;1;2;0;0;1;4;1;0;0;5;1;0;55,8;85,328;29,528;34,60528783;1;0;1;1;1;0;0;1;0;1
34;0;1;2;0;44;3;1;1;1;3;0;0;0;0;8;0;0;5;1;0;55,8;85,328;29,528;34,60528783;1;0;1;0;1;0;0;0;0;-1
35;0;1;2;0;32;4;2;0;1;6;0;0;1;2;5;0;0;5;1;0;55,8;85,328;29,528;34,60528783;1;1;1;1;1;0;0;1;0;-1
36;0;1;2;1;44;0;1;0;1;4;0;0;0;3;3;1;0;5;1;0;55,8;85,328;29,528;34,60528783;1;0;1;0;1;0;0;1;0;1
37;0;1;2;0;25;9;3;0;1;8;0;0;0;0;14;0;0;5;1;0;55,8;85,328;29,528;34,60528783;1;0;0;0;1;0;0;0;1;0
38;1;1;2;1;80;0;1;0;1;3;0;0;0;0;5;0;0;5;1;0;55,8;85,328;29,528;34,60528783;1;0;1;0;1;0;0;0;0;0
39;0;1;2;0;20;5;1;1;1;7;0;0;1;4;7;1;0;5;1;0;55,8;85,328;29,528;34,60528783;1;0;1;1;1;0;1;1;0;1
40;0;1;2;1;15;2;3;0;1;1;0;0;0;2;9;1;0;5;1;0;55,8;85,328;29,528;34,60528783;1;1;1;1;0;0;0;1;0;0
41;1;1;2;1;17;5;1;0;1;4;0;1;1;1;3;0;0;5;1;0;55,8;85,328;29,528;34,60528783;1;0;0;1;0;0;0;1;0;0
42;0;1;2;0;45;1;2;1;1;4;0;0;0;4;4;0;0;5;1;0;55,8;85,328;29,528;34,60528783;1;0;1;0;1;0;0;1;0;1
43;1;1;3;1;31;11;1;1;1;4;1;1;1;6;0;1;1;4;4;1;32,6;74,503;41,903;56,24337275;1;1;1;1;1;0;0;0;1;1
44;0;1;3;1;21;4;3;0;0;8;1;0;1;4;4;1;1;4;4;1;32,6;74,503;41,903;56,24337275;1;1;1;1;0;0;0;1;1;0
45;1;1;3;0;30;3;1;0;1;2;0;0;1;5;3;0;0;4;4;1;32,6;74,503;41,903;56,24337275;1;0;1;0;1;0;0;0;0;-1
46;0;1;3;0;20;8;1;0;0;2;0;0;1;2;2;0;0;4;4;1;32,6;74,503;41,903;56,24337275;1;0;1;0;1;0;0;1;1;0
47;0;1;3;0;26;10;1;1;1;3;0;0;0;2;5;0;0;4;4;1;32,6;74,503;41,903;56,24337275;1;0;1;1;0;0;0;1;0;1
48;0;1;3;1;22;12;1;1;0;4;0;0;1;4;1;0;0;4;4;1;32,6;74,503;41,903;56,24337275;0;0;0;0;1;0;0;1;0;1
49;0;1;3;0;30;5;1;0;1;2;0;0;0;3;5;1;0;4;4;1;32,6;74,503;41,903;56,24337275;1;0;1;1;0;0;1;1;0;1
50;1;1;3;1;44;2;2;0;1;4;0;0;1;3;2;1;0;4;4;1;32,6;74,503;41,903;56,24337275;1;0;1;0;0;0;0;1;1;-1
51;0;1;3;1;31;9;1;0;1;5;0;0;1;4;4;1;0;4;4;1;32,6;74,503;41,903;56,24337275;1;1;0;0;1;0;0;1;1;0
52;0;1;3;1;25;4;2;0;1;10;1;1;1;5;0;1;1;4;4;1;32,6;74,503;41,903;56,24337275;1;0;1;1;0;0;0;1;1;-1
53;0;1;3;1;30;0;1;0;1;6;0;0;0;0;11;0;0;4;4;1;32,6;74,503;41,903;56,24337275;1;0;1;1;0;0;0;0;0;0
54;0;1;3;1;75;3;1;1;1;3;1;0;1;4;3;1;0;4;4;1;32,6;74,503;41,903;56,24337275;1;1;0;0;0;0;1;0;1;1
55;0;1;3;0;31;9;1;0;1;6;0;0;1;3;2;0;0;4;4;1;32,6;74,503;41,903;56,24337275;1;0;0;0;1;0;0;1;1;1
56;0;1;3;1;38;12;1;0;1;5;1;1;1;3;2;0;1;4;4;1;32,6;74,503;41,903;56,24337275;1;0;1;0;1;0;0;1;0;1
57;1;1;3;1;53;0;1;0;1;4;0;0;1;1;7;0;0;4;4;1;32,6;74,503;41,903;56,24337275;1;0;1;0;1;0;0;1;0;1
58;1;1;3;1;58;0;1;0;1;4;1;1;0;3;0;1;0;4;4;1;32,6;74,503;41,903;56,24337275;1;1;0;1;1;0;0;1;1;1
59;0;1;3;0;21;5;1;0;1;2;0;0;0;1;6;0;0;4;4;1;32,6;74,503;41,903;56,24337275;1;0;1;0;1;0;0;1;0;1
60;1;1;3;0;30;0;1;0;1;7;0;0;0;1;8;0;0;4;4;1;32,6;74,503;41,903;56,24337275;1;0;1;1;0;0;0;1;0;-1
61;0;1;3;1;31;8;1;0;1;4;1;1;1;5;0;1;1;4;4;1;32,6;74,503;41,903;56,24337275;1;0;0;1;1;0;0;0;1;1
62;1;1;3;1;61;2;1;0;1;3;1;0;1;4;0;0;0;4;4;1;32,6;74,503;41,903;56,24337275;1;0;1;0;1;0;0;1;1;1
63;1;1;4;1;24;9;1;1;1;7;0;0;1;3;0;1;0;4;2;1;22,3;72,275;49,975;69,14562435;1;1;1;0;1;1;0;1;0;1
64;1;1;4;1;47;3;2;0;1;7;0;0;0;3;6;0;0;4;2;1;22,3;72,275;49,975;69,14562435;1;1;1;1;1;0;0;1;1;0
65;1;1;4;1;29;10;1;1;0;2;0;0;0;4;0;0;1;4;2;1;22,3;72,275;49,975;69,14562435;1;0;1;0;1;0;0;0;1;1
66;0;1;4;0;50;0;1;0;1;NA;0;0;0;4;1;0;0;4;2;1;22,3;72,275;49,975;69,14562435;1;0;0;0;1;0;0;1;0;1
67;1;1;4;1;41;0;1;0;1;2;0;1;0;4;2;1;0;4;2;1;22,3;72,275;49,975;69,14562435;1;1;0;1;0;0;0;1;1;1
68;1;1;4;1;30;7;1;0;1;3;0;1;0;5;1;0;0;4;2;1;22,3;72,275;49,975;69,14562435;1;1;1;0;1;0;0;1;0;1
69;0;1;4;1;15;6;2;0;1;NA;0;0;0;2;7;0;0;4;2;1;22,3;72,275;49,975;69,14562435;1;1;1;0;0;0;0;0;1;0
70;1;1;4;1;22;10;1;0;1;4;1;1;1;6;2;1;0;4;2;1;22,3;72,275;49,975;69,14562435;1;0;1;0;1;0;0;1;1;1
71;1;1;4;1;26;2;2;0;1;6;1;0;1;3;0;1;1;4;2;1;22,3;72,275;49,975;69,14562435;1;1;1;0;1;0;0;0;1;1
72;1;1;4;1;51;0;2;0;1;4;1;1;1;3;0;1;1;4;2;1;22,3;72,275;49,975;69,14562435;1;0;1;1;1;0;0;1;1;1
73;0;1;4;0;30;3;2;0;1;2;0;0;1;2;5;0;0;4;2;1;22,3;72,275;49,975;69,14562435;1;1;1;0;1;0;0;1;0;1
74;1;1;4;0;24;0;1;1;1;3;0;0;0;1;6;0;0;4;2;1;22,3;72,275;49,975;69,14562435;1;1;1;0;1;0;0;1;0;1
75;1;1;4;1;16;8;1;0;1;3;1;1;1;3;0;1;0;4;2;1;22,3;72,275;49,975;69,14562435;1;1;1;0;1;0;0;0;1;1
76;1;1;4;1;28;0;1;0;1;2;0;0;0;1;10;0;0;4;2;1;22,3;72,275;49,975;69,14562435;1;1;1;0;1;0;0;1;0;0
77;1;1;4;1;60;2;2;0;1;5;1;1;1;6;0;1;1;4;2;1;22,3;72,275;49,975;69,14562435;1;0;1;1;0;0;0;1;1;1
78;1;1;4;0;40;0;1;0;1;NA;0;0;1;1;4;0;0;4;2;1;22,3;72,275;49,975;69,14562435;1;0;1;0;1;0;0;1;0;1
79;1;1;4;0;25;4;1;0;1;9;0;0;0;0;7;0;0;4;2;1;22,3;72,275;49,975;69,14562435;1;1;0;0;0;0;0;0;0;1
80;1;1;4;1;20;5;1;0;1;1;0;0;0;2;0;1;1;4;2;1;22,3;72,275;49,975;69,14562435;1;1;1;0;1;0;0;1;0;1
81;1;1;4;1;19;5;1;0;1;2;0;0;1;3;0;1;1;4;2;1;22,3;72,275;49,975;69,14562435;1;1;1;0;1;0;0;0;0;1
82;1;1;4;1;23;9;1;1;1;4;1;0;1;4;1;0;0;4;2;1;22,3;72,275;49,975;69,14562435;1;1;1;0;1;0;1;0;1;1
83;1;1;5;1;43;4;1;0;1;3;1;1;1;4;2;1;0;3;4;1;31,7;70,757;39,057;55,19877892;1;0;1;0;1;0;0;1;0;1
84;1;1;5;1;50;0;1;0;1;6;1;0;1;3;1;1;1;3;4;1;31,7;70,757;39,057;55,19877892;1;1;1;1;0;0;0;1;1;1
85;1;1;5;0;25;3;1;0;1;4;0;0;0;5;1;1;1;3;4;1;31,7;70,757;39,057;55,19877892;0;1;0;1;0;0;0;1;0;1
86;1;1;5;0;41;0;1;0;1;4;1;1;1;5;0;1;1;3;4;1;31,7;70,757;39,057;55,19877892;1;1;1;1;0;0;0;1;0;1
87;1;1;5;1;20;3;1;0;1;4;0;0;0;1;4;0;0;3;4;1;31,7;70,757;39,057;55,19877892;1;0;0;0;1;0;0;0;0;-1
88;1;1;5;1;34;0;1;0;1;4;1;0;1;5;1;1;1;3;4;1;31,7;70,757;39,057;55,19877892;1;1;1;1;0;0;0;1;1;1
89;1;1;5;1;32;2;1;0;1;5;0;0;0;0;7;0;1;3;4;1;31,7;70,757;39,057;55,19877892;1;0;0;0;1;0;0;0;0;1
90;0;1;5;0;18;7;1;0;1;3;0;0;0;2;3;0;0;3;4;1;31,7;70,757;39,057;55,19877892;1;0;0;0;1;0;0;0;0;1
91;0;1;5;1;45;0;1;1;1;3;0;0;0;1;8;0;0;3;4;1;31,7;70,757;39,057;55,19877892;1;0;0;0;1;0;0;1;1;-1
92;1;1;5;1;29;3;1;0;1;3;0;1;0;3;4;0;0;3;4;1;31,7;70,757;39,057;55,19877892;0;1;1;0;1;0;0;1;0;1
93;1;1;5;1;24;4;1;0;1;2;1;1;1;4;1;0;0;3;4;1;31,7;70,757;39,057;55,19877892;1;1;1;1;0;0;0;1;0;1
94;1;1;5;1;40;0;1;0;1;4;1;1;0;4;0;0;0;3;4;1;31,7;70,757;39,057;55,19877892;1;1;1;0;1;0;0;1;0;1
95;1;1;5;0;50;8;1;1;1;4;0;0;1;4;2;0;0;3;4;1;31,7;70,757;39,057;55,19877892;0;1;1;0;1;0;0;1;1;1
96;1;1;5;1;27;5;1;0;1;3;0;0;1;3;2;1;0;3;4;1;31,7;70,757;39,057;55,19877892;1;0;1;0;1;0;0;0;0;1
97;1;1;5;1;22;7;1;0;1;4;0;0;0;1;4;0;0;3;4;1;31,7;70,757;39,057;55,19877892;1;0;1;0;1;0;0;1;0;1
98;1;1;5;0;23;5;2;0;1;2;0;0;0;3;3;0;0;3;4;1;31,7;70,757;39,057;55,19877892;1;0;1;0;0;0;0;1;0;1
99;1;1;5;1;46;0;1;0;1;3;1;1;1;4;1;1;0;3;4;1;31,7;70,757;39,057;55,19877892;1;1;1;1;0;0;0;1;1;1
100;0;1;5;0;24;3;2;0;1;6;0;0;0;0;7;0;0;3;4;1;31,7;70,757;39,057;55,19877892;1;0;1;0;1;0;0;0;0;-1
101;1;1;5;1;23;10;1;0;1;3;0;0;1;5;1;1;0;3;4;1;31,7;70,757;39,057;55,19877892;1;1;1;0;1;0;0;1;1;1
102;1;1;5;1;22;8;1;0;1;4;0;0;1;6;1;1;0;3;4;1;31,7;70,757;39,057;55,19877892;1;1;1;0;1;0;1;1;0;1
103;0;1;6;1;20;1;2;0;1;4;0;0;1;2;3;0;1;3;1;0;26;78,944;52,944;67,06526145;0;1;1;1;1;0;0;1;1;1
104;0;1;6;1;21;4;1;0;1;4;0;0;1;1;7;1;0;3;1;0;26;78,944;52,944;67,06526145;1;0;1;0;1;0;1;0;0;1
105;0;1;6;1;30;0;1;0;1;NA;1;0;0;4;4;0;0;3;1;0;26;78,944;52,944;67,06526145;1;0;0;0;1;0;1;0;0;1
106;0;1;6;0;36;0;1;0;1;3;0;0;1;3;6;0;0;3;1;0;26;78,944;52,944;67,06526145;1;0;1;0;1;0;0;0;0;1
107;1;1;6;0;28;0;2;0;1;2;0;0;0;4;3;1;0;3;1;0;26;78,944;52,944;67,06526145;1;1;0;0;1;0;0;1;1;0
108;1;1;6;1;40;0;2;0;1;NA;0;0;0;6;3;1;0;3;1;0;26;78,944;52,944;67,06526145;0;1;1;1;0;0;0;1;0;1
109;0;1;6;1;31;3;1;0;1;6;0;0;1;2;9;0;0;3;1;0;26;78,944;52,944;67,06526145;0;1;1;0;0;0;0;1;1;-1
110;1;1;6;1;30;0;2;0;1;4;0;0;0;2;3;0;0;3;1;0;26;78,944;52,944;67,06526145;1;1;1;0;0;1;0;1;0;1
111;0;1;6;1;16;2;2;0;1;NA;0;0;0;4;3;1;0;3;1;0;26;78,944;52,944;67,06526145;1;0;1;0;0;0;0;0;0;1
112;0;1;6;0;55;0;2;0;1;NA;0;0;0;0;13;0;0;3;1;0;26;78,944;52,944;67,06526145;1;1;1;0;0;0;0;0;0;0
113;1;1;6;1;30;0;1;0;1;7;0;0;1;2;3;0;0;3;1;0;26;78,944;52,944;67,06526145;1;0;1;0;1;0;1;0;0;1
114;1;1;6;1;22;8;1;1;1;2;0;0;1;1;5;1;0;3;1;0;26;78,944;52,944;67,06526145;1;0;0;0;1;0;1;1;1;0
115;1;1;7;0;35;3;1;0;1;5;0;0;0;1;5;0;0;1;5;1;3,133;38,299;35,166;91,81962976;1;1;0;0;1;0;1;1;1;1
116;1;1;7;0;35;5;1;0;1;5;1;0;1;5;0;1;0;1;5;1;3,133;38,299;35,166;91,81962976;1;1;1;0;1;0;0;1;0;1
117;1;1;7;0;30;5;2;0;1;4;0;0;1;2;4;0;0;1;5;1;3,133;38,299;35,166;91,81962976;1;1;0;0;1;0;0;0;1;0
118;0;1;7;0;18;5;1;0;1;4;0;0;0;1;2;0;0;1;5;1;3,133;38,299;35,166;91,81962976;0;1;1;0;1;0;0;0;0;-1
119;0;1;7;1;19;6;1;0;1;2;0;0;1;1;3;0;0;1;5;1;3,133;38,299;35,166;91,81962976;1;1;0;1;1;0;0;1;0;-1
120;0;1;7;0;26;5;1;0;1;2;0;0;0;3;1;1;0;1;5;1;3,133;38,299;35,166;91,81962976;1;1;1;0;1;0;1;0;0;1
121;0;1;7;1;25;8;1;1;1;4;0;0;1;3;2;0;1;1;5;1;3,133;38,299;35,166;91,81962976;1;1;1;0;1;0;1;0;1;0
122;0;1;7;1;23;6;1;0;1;3;0;0;0;2;10;0;0;1;5;1;3,133;38,299;35,166;91,81962976;1;0;0;0;0;1;0;1;1;0
123;1;1;7;1;61;2;1;0;1;5;0;0;1;5;0;1;1;1;5;1;3,133;38,299;35,166;91,81962976;1;0;0;0;1;0;0;1;1;1
124;1;1;7;0;58;8;3;1;1;5;0;0;1;4;0;1;1;1;5;1;3,133;38,299;35,166;91,81962976;1;1;1;0;1;0;0;1;1;1
125;1;1;7;1;55;3;1;0;1;NA;1;1;1;5;2;0;0;1;5;1;3,133;38,299;35,166;91,81962976;1;0;1;1;0;0;0;1;1;1
126;0;1;7;1;23;6;1;0;1;2;0;0;1;4;6;0;1;1;5;1;3,133;38,299;35,166;91,81962976;1;0;1;0;1;0;0;1;0;1
127;1;1;7;1;27;6;1;0;1;3;0;0;1;2;3;0;0;1;5;1;3,133;38,299;35,166;91,81962976;1;1;0;0;1;0;0;0;1;0
128;0;1;7;0;27;7;2;1;1;3;0;0;0;2;3;0;0;1;5;1;3,133;38,299;35,166;91,81962976;1;0;0;1;0;0;0;0;0;-1
129;0;1;7;0;42;0;1;0;1;3;0;0;0;3;6;0;1;1;5;1;3,133;38,299;35,166;91,81962976;1;0;1;0;1;0;0;0;0;1
130;1;1;7;1;68;0;1;0;1;3;1;0;1;4;2;0;0;1;5;1;3,133;38,299;35,166;91,81962976;1;1;1;0;1;0;1;1;0;1
131;0;1;7;0;26;2;1;0;1;2;0;0;0;3;3;0;0;1;5;1;3,133;38,299;35,166;91,81962976;1;1;1;1;0;0;0;0;1;0
132;1;1;7;1;26;3;1;0;1;2;1;1;1;6;1;1;0;1;5;1;3,133;38,299;35,166;91,81962976;1;1;1;1;1;0;0;1;1;-1
133;0;1;7;0;42;0;1;0;0;12;0;0;0;0;14;0;0;1;5;1;3,133;38,299;35,166;91,81962976;0;0;0;1;0;0;0;0;0;0
134;1;1;7;0;42;4;1;1;1;5;0;0;1;0;3;0;0;1;5;1;3,133;38,299;35,166;91,81962976;0;1;0;0;1;0;0;1;1;1
135;0;1;8;1;26;5;1;0;1;2;0;0;1;2;5;0;1;1;5;1;2,572;38,419;35,847;93,30539577;1;1;0;1;1;0;0;0;1;1
136;1;1;8;1;53;4;1;0;1;6;0;0;1;5;2;1;0;1;5;1;2,572;38,419;35,847;93,30539577;1;0;1;1;0;0;0;1;1;1
137;1;1;8;1;29;0;2;1;1;7;0;1;1;5;1;1;1;1;5;1;2,572;38,419;35,847;93,30539577;1;1;0;1;1;0;0;0;1;1
138;0;1;8;1;21;9;1;0;1;3;0;0;0;3;4;0;0;1;5;1;2,572;38,419;35,847;93,30539577;1;1;1;1;1;0;0;0;1;1
139;1;1;8;1;45;5;3;0;1;2;1;0;1;6;2;1;0;1;5;1;2,572;38,419;35,847;93,30539577;1;1;0;1;1;0;0;1;1;1
140;0;1;8;0;18;5;2;0;1;4;0;0;0;3;3;0;0;1;5;1;2,572;38,419;35,847;93,30539577;0;1;1;0;0;0;0;0;0;1
141;0;1;8;0;31;4;1;1;0;3;0;0;0;0;11;0;0;1;5;1;2,572;38,419;35,847;93,30539577;0;0;0;0;0;0;1;0;0;1
142;1;1;8;1;52;9;1;0;1;3;1;0;1;5;0;1;1;1;5;1;2,572;38,419;35,847;93,30539577;1;1;0;0;1;0;0;0;1;-1
143;0;1;8;0;27;6;2;1;1;2;0;0;0;5;3;1;1;1;5;1;2,572;38,419;35,847;93,30539577;1;1;1;0;1;0;0;1;0;0
144;1;1;8;1;22;7;1;0;1;NA;0;0;1;4;2;1;1;1;5;1;2,572;38,419;35,847;93,30539577;1;1;1;0;1;0;0;0;1;0
145;0;1;8;0;28;4;1;0;1;2;0;0;0;3;3;0;0;1;5;1;2,572;38,419;35,847;93,30539577;1;0;1;0;1;0;1;1;0;0
146;1;1;8;1;18;5;1;0;1;2;0;0;0;3;3;1;0;1;5;1;2,572;38,419;35,847;93,30539577;1;1;1;0;1;0;0;0;1;1
147;1;1;8;1;20;0;1;0;1;3;0;0;1;6;0;1;1;1;5;1;2,572;38,419;35,847;93,30539577;1;1;1;0;1;0;0;1;1;1
148;1;1;8;0;27;5;1;0;1;3;0;0;1;5;2;0;0;1;5;1;2,572;38,419;35,847;93,30539577;1;1;1;1;0;0;1;0;1;0
149;1;1;8;1;20;5;1;0;1;3;0;1;0;3;0;1;0;1;5;1;2,572;38,419;35,847;93,30539577;1;1;1;0;1;0;0;0;1;1
150;1;1;8;1;23;6;1;0;1;3;1;1;1;5;1;1;0;1;5;1;2,572;38,419;35,847;93,30539577;1;1;1;0;1;0;1;0;1;1
151;0;1;8;0;57;6;1;0;0;3;0;0;1;0;9;0;0;1;5;1;2,572;38,419;35,847;93,30539577;0;0;1;1;0;0;1;0;1;0
152;0;1;8;0;18;4;1;1;1;3;0;0;1;2;7;0;0;1;5;1;2,572;38,419;35,847;93,30539577;1;1;1;0;1;0;0;1;1;0
153;0;1;8;0;28;5;1;0;1;2;0;0;0;1;1;0;1;1;5;1;2,572;38,419;35,847;93,30539577;1;0;1;1;0;0;1;1;0;0
154;1;1;8;0;32;0;1;0;1;2;1;0;1;4;0;1;1;1;5;1;2,572;38,419;35,847;93,30539577;0;1;1;1;1;0;1;1;1;1
155;0;2;9;1;38;8;1;0;1;3;1;0;1;3;6;0;0;2;3;0;4,562;21,481;16,919;78,76262744;0;1;1;0;1;0;0;1;1;1
156;0;2;9;0;40;0;2;1;1;1;1;0;1;4;2;1;0;2;3;0;4,562;21,481;16,919;78,76262744;1;1;1;1;0;0;1;0;0;0
157;1;2;9;1;60;0;1;0;1;3;0;0;0;0;11;0;0;2;3;0;4,562;21,481;16,919;78,76262744;1;0;1;1;0;0;0;1;1;1
158;0;2;9;1;32;5;3;1;1;3;0;0;0;4;2;0;0;2;3;0;4,562;21,481;16,919;78,76262744;0;1;1;1;1;0;0;0;1;1
159;0;2;9;1;29;10;1;0;1;2;0;0;0;2;5;0;0;2;3;0;4,562;21,481;16,919;78,76262744;0;1;0;0;1;0;1;0;0;1
160;0;2;9;0;23;9;1;1;1;2;1;0;1;2;2;0;0;2;3;0;4,562;21,481;16,919;78,76262744;0;1;1;0;1;0;0;1;0;1
161;0;2;9;1;18;5;1;0;1;2;0;0;0;2;3;1;1;2;3;0;4,562;21,481;16,919;78,76262744;0;1;0;0;1;0;0;0;0;1
162;0;2;9;1;46;5;2;1;1;4;0;0;1;1;5;0;1;2;3;0;4,562;21,481;16,919;78,76262744;0;1;0;0;1;0;1;1;0;1
163;0;2;9;0;25;5;1;1;1;2;0;0;1;0;9;0;0;2;3;0;4,562;21,481;16,919;78,76262744;1;1;0;0;1;0;0;1;1;1
164;0;2;9;0;15;6;1;0;1;2;0;0;1;1;11;0;0;2;3;0;4,562;21,481;16,919;78,76262744;1;1;1;0;0;0;0;0;0;1
165;0;2;9;0;23;8;2;1;1;NA;0;0;1;2;0;0;0;2;3;0;4,562;21,481;16,919;78,76262744;1;1;1;1;0;0;1;1;0;1
166;1;2;9;1;60;3;1;0;1;2;0;0;0;1;7;0;0;2;3;0;4,562;21,481;16,919;78,76262744;1;1;0;1;0;0;0;1;0;1
167;1;2;9;1;65;0;2;0;1;1;1;0;1;2;5;0;0;2;3;0;4,562;21,481;16,919;78,76262744;0;1;1;1;0;0;0;1;1;1
168;1;2;9;1;40;1;1;1;1;4;1;0;1;5;2;1;0;2;3;0;4,562;21,481;16,919;78,76262744;0;1;1;0;0;1;0;0;0;1
169;0;2;9;0;18;6;2;1;0;3;0;0;0;1;5;0;1;2;3;0;4,562;21,481;16,919;78,76262744;0;1;0;0;1;0;0;0;0;0
170;0;2;9;1;19;7;1;0;1;NA;0;0;1;2;4;0;0;2;3;0;4,562;21,481;16,919;78,76262744;1;1;0;0;0;0;1;0;1;1
171;0;2;9;0;18;3;2;1;1;3;0;0;0;1;12;1;0;2;3;0;4,562;21,481;16,919;78,76262744;1;0;1;0;1;0;0;1;0;0
172;0;2;9;1;31;3;1;0;1;3;0;0;1;1;10;0;0;2;3;0;4,562;21,481;16,919;78,76262744;1;0;0;0;1;0;0;0;1;0
173;1;2;9;1;55;9;1;0;1;1;0;0;1;5;2;1;0;2;3;0;4,562;21,481;16,919;78,76262744;0;1;1;0;1;0;0;1;0;1
174;0;2;9;0;45;5;1;0;1;3;0;0;1;4;4;0;0;2;3;0;4,562;21,481;16,919;78,76262744;0;1;1;0;1;0;0;0;0;1
175;0;2;10;1;53;10;1;0;1;3;1;1;1;4;1;0;0;3;4;1;43,232;81,082;37,85;46,68113761;1;1;0;1;1;0;1;1;0;1
176;0;2;10;1;31;12;1;1;1;2;1;1;1;4;1;0;1;3;4;1;43,232;81,082;37,85;46,68113761;1;1;1;1;0;0;0;1;1;1
177;0;2;10;1;38;9;3;1;1;2;1;0;1;4;0;1;1;3;4;1;43,232;81,082;37,85;46,68113761;0;0;0;0;1;0;1;0;0;1
178;0;2;10;1;29;7;1;0;1;3;0;0;1;5;0;1;1;3;4;1;43,232;81,082;37,85;46,68113761;0;1;1;0;1;0;1;1;0;1
179;1;2;10;1;40;0;1;0;1;4;1;0;1;5;2;1;0;3;4;1;43,232;81,082;37,85;46,68113761;0;1;1;1;1;0;1;1;1;1
180;1;2;10;1;55;5;1;0;1;4;0;0;1;5;1;1;0;3;4;1;43,232;81,082;37,85;46,68113761;0;1;1;0;1;0;0;1;1;1
181;1;2;10;1;60;0;1;0;1;4;1;1;1;4;1;1;0;3;4;1;43,232;81,082;37,85;46,68113761;1;1;1;0;1;0;0;1;0;1
182;0;2;10;0;66;0;1;0;1;1;0;0;1;4;2;1;0;3;4;1;43,232;81,082;37,85;46,68113761;1;1;1;0;1;0;0;1;0;1
183;1;2;11;1;56;5;2;1;1;1;0;0;1;5;4;0;0;3;1;0;40,782;78,592;37,81;48,10922231;0;1;1;1;1;0;0;1;1;0
184;1;2;11;1;36;0;1;0;1;2;0;1;1;4;4;1;1;3;1;0;40,782;78,592;37,81;48,10922231;0;1;1;0;1;0;0;1;0;1
185;1;2;11;1;43;5;1;0;1;4;0;0;1;3;5;0;0;3;1;0;40,782;78,592;37,81;48,10922231;0;1;1;1;0;0;0;1;0;1
186;0;2;11;1;66;0;2;1;1;4;1;1;1;3;1;1;0;3;1;0;40,782;78,592;37,81;48,10922231;0;1;1;1;1;0;0;1;0;1
187;0;2;11;0;18;5;1;0;1;5;0;0;0;2;7;0;0;3;1;0;40,782;78,592;37,81;48,10922231;1;0;0;1;0;0;0;0;0;0
188;1;2;11;1;28;2;1;0;0;1;0;0;1;3;1;1;0;3;1;0;40,782;78,592;37,81;48,10922231;0;1;0;0;1;0;0;0;0;1
189;0;2;11;0;45;5;1;0;1;5;0;0;1;2;6;0;0;3;1;0;40,782;78,592;37,81;48,10922231;0;1;0;1;1;0;0;1;0;1
190;1;2;11;1;32;0;1;0;1;1;0;0;1;2;6;0;0;3;1;0;40,782;78,592;37,81;48,10922231;0;1;0;0;1;0;0;1;0;1
191;0;2;11;1;38;0;1;0;1;7;0;0;1;1;5;0;0;3;1;0;40,782;78,592;37,81;48,10922231;0;1;0;1;1;0;0;1;0;1
192;0;2;11;0;17;4;1;0;1;NA;0;0;1;1;8;0;0;3;1;0;40,782;78,592;37,81;48,10922231;0;1;0;1;0;0;0;0;0;0
193;1;2;11;1;36;3;1;0;1;2;0;0;1;3;4;0;0;3;1;0;40,782;78,592;37,81;48,10922231;1;1;0;0;1;0;0;0;1;1
194;0;2;11;1;36;2;2;0;1;6;0;0;0;3;5;0;0;3;1;0;40,782;78,592;37,81;48,10922231;0;1;0;0;1;0;0;1;0;1
195;0;2;11;1;37;5;2;1;0;9;0;0;1;3;5;0;0;3;1;0;40,782;78,592;37,81;48,10922231;0;0;0;0;1;0;1;0;1;1
196;0;2;11;0;28;0;1;0;1;5;0;0;0;4;8;0;0;3;1;0;40,782;78,592;37,81;48,10922231;0;1;0;0;1;0;0;0;0;1
197;0;2;11;1;25;3;2;1;1;3;0;0;0;0;5;0;0;3;1;0;40,782;78,592;37,81;48,10922231;0;1;0;0;1;0;0;0;0;1
198;1;2;11;1;36;3;1;0;1;5;0;1;1;2;5;1;0;3;1;0;40,782;78,592;37,81;48,10922231;0;1;0;0;1;0;0;1;1;1
199;0;2;11;1;24;9;1;1;1;3;0;0;1;1;2;0;1;3;1;0;40,782;78,592;37,81;48,10922231;0;1;0;0;1;0;0;1;0;1
200;1;2;12;1;48;4;1;0;1;3;1;1;1;5;2;1;0;3;3;0;47,677;84,514;36,837;43,58686135;1;1;0;0;1;0;0;1;1;1
201;1;2;12;1;41;1;1;0;1;1;0;0;1;5;1;1;0;3;3;0;47,677;84,514;36,837;43,58686135;0;1;0;0;1;0;0;1;0;1
202;0;2;12;0;32;4;2;1;0;4;0;0;1;1;6;0;0;3;3;0;47,677;84,514;36,837;43,58686135;0;1;0;0;1;0;0;0;0;1
203;0;2;12;1;35;3;1;0;1;5;0;0;1;3;5;1;0;3;3;0;47,677;84,514;36,837;43,58686135;1;1;0;0;1;0;0;1;1;1
204;0;2;12;1;26;2;3;0;1;1;0;1;1;3;2;1;0;3;3;0;47,677;84,514;36,837;43,58686135;0;1;0;0;1;0;0;0;0;1
205;0;2;12;1;27;0;2;1;0;1;1;1;1;3;2;1;0;3;3;0;47,677;84,514;36,837;43,58686135;0;1;0;0;1;0;1;1;0;1
206;1;2;12;1;38;5;1;0;1;2;0;1;1;5;0;1;0;3;3;0;47,677;84,514;36,837;43,58686135;0;1;0;0;0;0;1;1;0;1
207;0;2;12;0;37;3;2;0;0;1;0;0;1;3;1;1;0;3;3;0;47,677;84,514;36,837;43,58686135;0;1;1;1;0;0;1;0;0;1
208;0;2;12;0;37;3;1;0;1;3;0;0;0;0;13;0;0;3;3;0;47,677;84,514;36,837;43,58686135;1;0;0;1;0;0;0;1;0;0
209;1;2;12;1;43;5;2;1;1;6;0;0;1;1;6;0;0;3;3;0;47,677;84,514;36,837;43,58686135;1;1;1;1;1;0;0;1;0;0
210;1;2;12;1;31;5;1;0;1;3;0;0;1;5;1;1;1;3;3;0;47,677;84,514;36,837;43,58686135;0;1;1;0;1;0;1;0;1;1
211;1;2;12;1;36;3;1;1;1;7;1;1;1;4;0;1;0;3;3;0;47,677;84,514;36,837;43,58686135;0;1;1;0;1;0;0;0;1;1
212;0;2;12;0;38;6;3;1;0;3;0;0;0;1;5;0;0;3;3;0;47,677;84,514;36,837;43,58686135;1;0;0;1;0;0;0;0;0;1
213;0;2;12;1;64;0;1;1;1;10;0;0;0;1;10;0;0;3;3;0;47,677;84,514;36,837;43,58686135;0;1;1;1;1;0;0;1;1;0
214;1;2;12;1;18;8;1;0;1;5;0;0;1;3;2;0;0;3;3;0;47,677;84,514;36,837;43,58686135;1;1;1;0;1;0;0;0;0;1
215;1;2;12;1;44;2;1;0;1;3;0;1;1;5;1;1;1;3;3;0;47,677;84,514;36,837;43,58686135;1;0;1;0;1;0;0;1;1;1
216;0;2;12;0;19;3;1;0;1;7;0;0;0;0;12;0;0;3;3;0;47,677;84,514;36,837;43,58686135;1;0;0;0;0;0;0;0;0;0
217;0;2;12;0;35;0;1;0;1;4;0;0;1;2;4;0;0;3;3;0;47,677;84,514;36,837;43,58686135;0;1;1;1;0;0;1;0;0;1
218;0;2;12;0;21;6;1;0;1;9;0;0;1;2;2;0;0;3;3;0;47,677;84,514;36,837;43,58686135;0;0;1;0;1;0;0;0;0;0
219;0;2;12;1;53;8;2;1;1;6;0;0;1;1;10;0;0;3;3;0;47,677;84,514;36,837;43,58686135;1;1;0;1;1;0;1;0;0;1
220;1;2;10;1;60;2;1;0;1;4;1;0;1;4;4;1;0;3;4;1;43,232;81,082;37,85;46,68113761;1;1;1;0;1;0;0;1;1;1
221;1;2;10;1;52;9;1;0;1;4;0;0;1;3;2;1;0;3;4;1;43,232;81,082;37,85;46,68113761;1;0;1;1;0;0;0;1;0;1
222;1;2;10;0;21;4;1;0;1;1;0;0;1;4;0;0;0;3;4;1;43,232;81,082;37,85;46,68113761;0;1;1;0;1;0;0;1;0;1
223;1;2;10;1;37;3;1;0;1;3;0;0;1;3;5;1;0;3;4;1;43,232;81,082;37,85;46,68113761;0;1;1;1;0;0;1;1;0;1
224;1;2;10;1;37;12;2;1;0;5;0;0;1;4;0;0;0;3;4;1;43,232;81,082;37,85;46,68113761;1;0;1;0;1;0;1;1;0;1
225;0;2;10;0;30;5;1;0;1;2;0;1;1;1;2;0;0;3;4;1;43,232;81,082;37,85;46,68113761;1;0;1;0;1;0;0;1;0;1
226;0;2;10;0;38;0;1;0;1;4;0;0;1;3;4;0;0;3;4;1;43,232;81,082;37,85;46,68113761;1;1;1;0;1;0;0;1;0;1
227;0;2;10;1;34;6;1;0;1;3;0;1;1;3;3;1;0;3;4;1;43,232;81,082;37,85;46,68113761;1;1;1;0;1;0;0;1;1;1
228;0;2;10;0;35;4;2;0;1;2;0;0;1;2;4;0;1;3;4;1;43,232;81,082;37,85;46,68113761;0;1;1;0;1;0;0;0;0;1
229;1;2;10;0;24;9;1;0;1;2;0;0;1;4;2;0;0;3;4;1;43,232;81,082;37,85;46,68113761;0;1;1;1;1;0;0;1;0;1
230;1;2;10;1;98;0;1;0;1;5;1;1;1;5;1;1;0;3;4;1;43,232;81,082;37,85;46,68113761;1;1;1;1;0;0;0;1;1;1
231;1;2;10;1;52;6;1;0;1;4;1;0;1;6;0;1;1;3;4;1;43,232;81,082;37,85;46,68113761;1;1;1;1;1;0;0;1;1;1
232;0;2;13;1;28;9;1;0;1;3;0;0;1;5;0;0;0;4;3;1;26,85;66,516;39,666;59,63377233;0;1;1;1;1;0;0;0;1;1
233;0;2;13;1;53;6;1;0;1;7;0;1;1;2;4;1;0;4;3;1;26,85;66,516;39,666;59,63377233;0;1;0;0;0;1;0;1;1;1
234;1;2;13;1;42;9;1;1;1;4;1;0;1;4;2;1;0;4;3;1;26,85;66,516;39,666;59,63377233;0;1;1;1;0;0;0;1;1;1
235;0;2;13;1;65;5;1;0;1;5;0;0;1;1;6;0;0;4;3;1;26,85;66,516;39,666;59,63377233;1;0;1;0;1;0;0;1;0;1
236;0;2;13;0;60;0;1;0;0;2;0;0;1;3;4;0;0;4;3;1;26,85;66,516;39,666;59,63377233;0;1;1;1;0;0;0;1;0;1
237;1;2;13;0;45;3;1;0;1;5;0;0;1;4;1;1;1;4;3;1;26,85;66,516;39,666;59,63377233;0;1;1;1;1;0;1;1;0;1
238;0;2;13;1;32;0;1;0;1;3;0;0;1;0;12;0;0;4;3;1;26,85;66,516;39,666;59,63377233;0;1;0;1;0;0;0;0;0;-1
239;0;2;13;1;55;0;2;0;1;6;0;0;1;2;8;0;0;4;3;1;26,85;66,516;39,666;59,63377233;0;1;0;1;1;0;0;1;0;0
240;1;2;13;1;32;9;3;1;1;5;0;1;1;5;0;1;0;4;3;1;26,85;66,516;39,666;59,63377233;0;1;0;0;1;0;1;1;1;1
241;0;2;13;0;30;0;2;0;1;NA;0;0;1;2;8;0;0;4;3;1;26,85;66,516;39,666;59,63377233;0;1;0;0;1;0;0;1;0;0
242;0;2;13;1;60;0;1;0;1;1;0;1;1;5;3;1;0;4;3;1;26,85;66,516;39,666;59,63377233;0;1;1;1;0;0;0;1;1;1
243;0;2;13;0;30;0;1;0;1;1;0;0;0;1;9;0;0;4;3;1;26,85;66,516;39,666;59,63377233;0;1;0;0;0;0;0;0;0;1
244;0;2;13;1;23;4;1;0;1;3;0;0;1;4;5;0;0;4;3;1;26,85;66,516;39,666;59,63377233;0;1;0;0;1;0;0;1;0;1
245;0;2;13;1;20;4;1;0;1;NA;0;0;1;0;3;0;1;4;3;1;26,85;66,516;39,666;59,63377233;0;1;1;1;0;0;0;1;1;-1
246;0;2;13;1;61;0;1;0;1;10;0;0;1;1;10;0;0;4;3;1;26,85;66,516;39,666;59,63377233;0;1;1;1;0;0;0;0;0;1
247;0;2;13;1;68;0;1;0;1;3;1;0;1;4;0;1;0;4;3;1;26,85;66,516;39,666;59,63377233;0;1;1;1;0;0;0;1;0;1
248;0;2;13;1;34;2;1;0;1;5;0;0;0;2;7;0;0;4;3;1;26,85;66,516;39,666;59,63377233;0;1;0;1;0;0;0;1;0;1
249;1;2;13;1;27;8;1;0;1;6;0;1;1;4;1;0;0;4;3;1;26,85;66,516;39,666;59,63377233;0;1;0;1;1;0;0;1;1;1
250;0;2;13;1;34;0;1;0;1;2;1;0;1;5;3;1;0;4;3;1;26,85;66,516;39,666;59,63377233;0;1;0;0;1;0;0;1;1;1
251;1;2;13;1;36;0;1;0;1;4;1;1;1;4;0;1;1;4;3;1;26,85;66,516;39,666;59,63377233;0;1;0;0;1;0;0;1;1;1
252;1;2;14;1;39;2;1;0;1;10;0;0;0;1;5;0;1;4;3;0;21,898;63,297;41,399;65,40436356;0;1;1;1;0;1;0;1;0;1
253;1;2;14;1;24;3;1;0;1;NA;0;0;1;4;1;0;1;4;3;0;21,898;63,297;41,399;65,40436356;0;1;0;0;1;0;0;0;0;1
254;0;2;14;1;37;3;1;0;1;1;0;0;0;0;13;0;0;4;3;0;21,898;63,297;41,399;65,40436356;0;1;0;0;1;0;0;0;0;0
255;0;2;14;0;22;4;1;0;1;6;0;0;0;3;5;0;0;4;3;0;21,898;63,297;41,399;65,40436356;1;0;0;0;1;0;0;0;0;1
256;0;2;14;1;18;9;1;0;1;3;0;0;1;4;0;0;1;4;3;0;21,898;63,297;41,399;65,40436356;1;1;0;1;1;0;0;1;0;1
257;1;2;14;1;38;3;1;0;1;5;1;1;1;6;0;1;1;4;3;0;21,898;63,297;41,399;65,40436356;0;1;1;0;0;0;0;1;0;1
258;0;2;14;1;41;7;1;1;1;7;0;0;0;2;7;0;0;4;3;0;21,898;63,297;41,399;65,40436356;0;1;0;1;1;0;0;1;0;1
259;0;2;14;1;19;5;1;1;1;5;0;0;1;6;0;1;1;4;3;0;21,898;63,297;41,399;65,40436356;1;1;0;0;1;0;0;0;0;1
260;1;2;14;1;31;3;1;1;0;4;0;0;1;3;6;1;0;4;3;0;21,898;63,297;41,399;65,40436356;0;1;0;0;1;0;0;1;0;1
261;0;2;14;0;18;4;1;0;1;4;0;0;0;0;14;0;0;4;3;0;21,898;63,297;41,399;65,40436356;0;1;0;0;0;0;0;0;0;0
262;0;2;14;0;35;0;1;0;1;6;0;0;1;0;14;0;0;4;3;0;21,898;63,297;41,399;65,40436356;0;1;1;1;0;0;0;1;0;0
263;0;2;14;0;35;0;1;0;1;10;0;0;0;0;14;0;0;4;3;0;21,898;63,297;41,399;65,40436356;0;1;1;1;1;0;0;0;0;0
264;0;2;14;1;44;0;2;1;0;4;0;0;0;0;13;0;0;4;3;0;21,898;63,297;41,399;65,40436356;1;0;0;1;0;0;1;0;0;0
265;0;2;14;0;26;5;1;0;1;6;0;0;1;4;2;1;1;4;3;0;21,898;63,297;41,399;65,40436356;1;1;1;0;1;0;0;1;1;1
266;0;2;14;1;37;6;2;1;1;7;0;0;1;6;1;1;0;4;3;0;21,898;63,297;41,399;65,40436356;0;1;0;0;1;0;0;0;1;1
267;0;2;14;1;52;0;1;0;1;4;0;0;1;1;12;0;0;4;3;0;21,898;63,297;41,399;65,40436356;1;1;1;1;1;0;0;0;1;0
268;0;2;14;1;24;8;1;0;1;3;0;0;1;4;1;0;1;4;3;0;21,898;63,297;41,399;65,40436356;1;1;1;0;1;0;0;1;0;1
269;0;2;14;0;31;6;1;0;1;7;0;0;1;1;10;0;0;4;3;0;21,898;63,297;41,399;65,40436356;1;0;1;0;1;0;0;1;0;0
270;0;2;14;1;38;4;1;0;0;4;0;0;0;0;14;0;0;4;3;0;21,898;63,297;41,399;65,40436356;1;0;0;0;1;0;0;0;0;0
271;0;2;14;1;37;1;1;0;1;2;0;0;1;4;7;0;0;4;3;0;21,898;63,297;41,399;65,40436356;0;1;0;0;1;0;0;1;0;1
272;0;3;15;1;45;0;1;0;1;2;1;0;1;4;1;1;0;3;2;1;41,433;70,95;29,517;41,602537;0;1;0;0;1;0;0;1;0;1
273;0;3;15;0;20;6;1;1;0;10;0;0;1;0;9;0;0;3;2;1;41,433;70,95;29,517;41,602537;0;1;0;1;1;0;0;0;0;-1
274;0;3;15;0;60;0;1;0;1;1;0;0;0;0;11;0;0;3;2;1;41,433;70,95;29,517;41,602537;1;0;0;0;0;0;0;0;0;0
275;0;3;15;0;22;1;1;1;1;8;0;0;1;3;4;0;0;3;2;1;41,433;70,95;29,517;41,602537;1;0;0;0;1;0;0;1;0;1
276;1;3;15;0;30;1;1;1;1;10;0;0;1;2;3;0;0;3;2;1;41,433;70,95;29,517;41,602537;1;0;0;0;1;0;0;1;0;1
277;0;3;15;1;34;0;1;0;1;4;1;0;1;1;2;0;0;3;2;1;41,433;70,95;29,517;41,602537;0;1;0;0;1;0;0;1;1;1
278;0;3;15;0;50;0;1;1;1;7;0;0;1;4;4;1;0;3;2;1;41,433;70,95;29,517;41,602537;1;1;0;0;1;0;1;1;0;1
279;0;3;15;0;35;0;3;0;1;5;0;0;1;3;7;0;0;3;2;1;41,433;70,95;29,517;41,602537;0;1;1;0;1;0;0;0;0;1
280;1;3;15;1;35;0;1;0;1;5;0;0;1;2;7;0;0;3;2;1;41,433;70,95;29,517;41,602537;0;1;1;0;1;0;0;1;1;-1
281;0;3;15;1;30;8;1;1;0;2;0;0;1;0;7;0;1;3;2;1;41,433;70,95;29,517;41,602537;1;0;0;0;1;0;0;0;0;1
282;0;3;15;0;26;4;1;1;1;3;0;0;1;3;9;0;0;3;2;1;41,433;70,95;29,517;41,602537;0;1;0;0;0;0;0;0;0;1
283;1;3;15;1;20;2;1;0;1;3;0;0;1;4;0;0;0;3;2;1;41,433;70,95;29,517;41,602537;0;1;0;0;0;0;0;0;0;1
284;1;3;15;1;28;2;1;0;1;2;0;0;0;2;2;0;0;3;2;1;41,433;70,95;29,517;41,602537;0;1;1;0;1;0;1;0;1;1
285;0;3;15;1;27;2;1;0;1;4;0;0;1;4;2;0;0;3;2;1;41,433;70,95;29,517;41,602537;0;1;0;0;1;0;0;1;1;1
286;0;3;15;1;55;0;3;0;1;11;0;0;1;3;4;0;0;3;2;1;41,433;70,95;29,517;41,602537;1;0;0;1;1;1;0;0;0;1
287;0;3;15;1;23;4;2;0;1;2;0;0;1;3;4;0;1;3;2;1;41,433;70,95;29,517;41,602537;0;1;0;0;1;0;0;1;0;1
288;1;3;15;1;40;0;1;0;1;6;0;0;1;1;9;0;0;3;2;1;41,433;70,95;29,517;41,602537;0;1;0;0;1;0;0;0;1;1
289;1;3;15;1;31;4;1;0;1;6;0;0;1;5;0;1;0;3;2;1;41,433;70,95;29,517;41,602537;0;1;0;0;1;0;0;1;0;1
290;0;3;15;1;62;5;1;0;1;11;0;0;1;2;11;0;0;3;2;1;41,433;70,95;29,517;41,602537;1;1;0;1;1;0;0;1;0;0
291;0;3;15;1;23;5;1;0;1;2;0;1;1;1;9;0;0;3;2;1;41,433;70,95;29,517;41,602537;0;1;0;0;1;0;0;1;1;1
292;1;3;16;1;41;9;1;0;1;3;1;1;1;5;2;0;0;3;3;0;17,754;51,773;34,019;65,70799451;0;1;0;1;0;0;1;1;1;1
293;1;3;16;1;35;3;1;0;1;3;1;0;1;5;1;1;0;3;3;0;17,754;51,773;34,019;65,70799451;0;1;1;1;1;0;0;1;1;1
294;0;3;16;1;78;0;1;0;1;1;0;0;1;4;3;0;0;3;3;0;17,754;51,773;34,019;65,70799451;0;1;1;1;0;0;0;0;0;1
295;0;3;16;1;55;5;1;1;1;6;0;0;1;0;11;0;0;3;3;0;17,754;51,773;34,019;65,70799451;1;0;0;0;1;1;0;0;0;1
296;0;3;16;0;28;9;1;0;1;6;0;0;1;3;3;0;0;3;3;0;17,754;51,773;34,019;65,70799451;0;1;0;0;0;0;0;0;0;1
297;1;3;16;1;26;12;1;0;1;6;1;0;1;6;0;1;1;3;3;0;17,754;51,773;34,019;65,70799451;1;1;0;1;1;0;0;0;0;1
298;0;3;16;1;47;2;1;0;1;5;0;0;1;3;4;0;0;3;3;0;17,754;51,773;34,019;65,70799451;0;1;1;1;0;1;0;0;0;1
299;0;3;16;0;26;3;1;1;1;9;0;0;1;0;11;0;0;3;3;0;17,754;51,773;34,019;65,70799451;0;1;0;1;0;0;0;0;0;0
300;0;3;16;0;33;0;1;0;1;3;0;0;1;4;6;0;0;3;3;0;17,754;51,773;34,019;65,70799451;1;0;0;1;0;0;0;1;0;1
301;0;3;16;0;18;5;1;0;1;10;0;0;1;2;7;0;0;3;3;0;17,754;51,773;34,019;65,70799451;0;0;0;0;1;0;0;1;0;0
302;0;3;16;0;32;0;1;0;1;NA;0;0;0;0;13;0;0;3;3;0;17,754;51,773;34,019;65,70799451;1;0;0;0;1;0;0;0;0;0
303;1;3;16;1;18;3;1;0;1;11;0;0;1;2;9;0;0;3;3;0;17,754;51,773;34,019;65,70799451;0;1;0;0;1;0;0;1;1;1
304;0;3;16;1;40;8;1;0;1;5;0;0;1;5;1;1;0;3;3;0;17,754;51,773;34,019;65,70799451;0;1;1;1;1;0;0;1;1;1
305;0;3;16;0;21;5;1;0;1;2;0;0;1;3;3;1;1;3;3;0;17,754;51,773;34,019;65,70799451;1;1;0;0;0;0;1;0;0;1
306;0;3;16;0;30;0;1;1;1;3;0;1;1;2;7;0;0;3;3;0;17,754;51,773;34,019;65,70799451;0;1;0;0;0;0;0;0;1;1
307;1;3;16;1;27;5;1;0;1;2;1;0;1;4;0;0;0;3;3;0;17,754;51,773;34,019;65,70799451;1;0;0;0;1;0;0;0;1;1
308;1;3;16;1;32;2;1;0;1;5;0;1;1;4;1;1;1;3;3;0;17,754;51,773;34,019;65,70799451;0;1;0;0;1;0;0;0;1;1
309;1;3;16;0;52;5;1;1;1;9;1;1;1;4;2;1;1;3;3;0;17,754;51,773;34,019;65,70799451;0;1;0;1;0;0;0;1;1;1
310;0;3;16;0;25;0;1;1;1;5;0;0;1;2;8;0;0;3;3;0;17,754;51,773;34,019;65,70799451;0;0;0;0;1;0;0;0;0;1
311;0;3;16;0;26;12;1;1;1;5;0;0;1;3;4;0;0;3;3;0;17,754;51,773;34,019;65,70799451;1;1;0;0;1;0;0;0;0;1
312;1;3;17;1;44;0;1;0;1;3;0;0;1;4;0;1;0;3;4;1;10,006;35,023;25,017;71,43020301;1;0;0;0;1;0;0;1;1;1
313;1;3;17;1;32;8;1;1;1;3;0;0;1;4;0;1;1;3;4;1;10,006;35,023;25,017;71,43020301;1;0;0;0;1;0;0;1;1;1
314;0;3;17;1;23;2;1;0;1;4;0;0;1;0;6;0;0;3;4;1;10,006;35,023;25,017;71,43020301;0;1;0;0;1;0;0;1;1;1
315;0;3;17;0;35;0;1;0;1;2;0;0;1;3;6;0;0;3;4;1;10,006;35,023;25,017;71,43020301;1;0;0;1;1;0;0;0;0;0
316;0;3;17;0;46;3;1;1;1;6;0;0;1;3;5;0;0;3;4;1;10,006;35,023;25,017;71,43020301;0;1;0;0;1;0;0;0;1;1
317;0;3;17;0;29;12;1;1;1;3;0;0;0;2;5;0;0;3;4;1;10,006;35,023;25,017;71,43020301;0;0;0;1;1;0;0;1;0;1
318;0;3;17;0;52;5;1;0;1;3;0;0;1;1;10;0;0;3;4;1;10,006;35,023;25,017;71,43020301;0;1;0;0;1;0;0;1;1;0
319;0;3;17;1;24;4;1;0;1;4;0;0;1;3;6;0;0;3;4;1;10,006;35,023;25,017;71,43020301;0;1;0;1;1;0;0;1;1;1
320;0;3;17;1;51;0;1;0;1;3;0;0;1;4;4;0;0;3;4;1;10,006;35,023;25,017;71,43020301;1;1;0;1;1;1;0;1;1;1
321;0;3;17;1;30;7;1;1;1;7;0;0;1;3;1;0;0;3;4;1;10,006;35,023;25,017;71,43020301;0;0;0;1;1;0;0;1;1;1
322;1;3;17;0;15;5;1;0;0;NA;0;0;1;2;1;0;1;3;4;1;10,006;35,023;25,017;71,43020301;1;1;0;0;0;0;0;0;0;-1
323;1;3;17;1;72;0;1;0;1;3;1;0;1;4;2;0;0;3;4;1;10,006;35,023;25,017;71,43020301;0;1;0;1;1;0;0;1;0;1
324;0;3;17;0;41;0;2;0;1;11;0;0;1;2;5;0;0;3;4;1;10,006;35,023;25,017;71,43020301;1;1;0;1;1;0;0;1;0;1
325;1;3;17;1;41;3;1;0;1;4;1;1;1;6;1;1;0;3;4;1;10,006;35,023;25,017;71,43020301;1;0;0;1;1;0;0;1;0;1
326;0;3;17;1;32;2;1;0;1;3;0;0;1;3;8;0;0;3;4;1;10,006;35,023;25,017;71,43020301;1;0;0;0;1;0;0;1;0;1
327;1;3;17;1;28;3;1;1;1;3;0;0;1;4;2;1;0;3;4;1;10,006;35,023;25,017;71,43020301;1;1;0;0;1;0;0;1;0;1
328;0;3;17;1;18;8;1;0;1;3;0;0;1;4;2;0;1;3;4;1;10,006;35,023;25,017;71,43020301;1;1;0;0;1;0;0;0;1;1
329;0;3;17;1;17;9;1;0;0;4;1;1;1;3;1;1;1;3;4;1;10,006;35,023;25,017;71,43020301;0;1;0;0;1;0;0;0;0;1
330;1;3;17;1;30;5;1;1;1;2;1;1;1;4;0;1;1;3;4;1;10,006;35,023;25,017;71,43020301;0;1;0;0;1;0;0;0;1;1
331;1;3;17;1;24;10;1;0;1;3;0;0;1;0;7;0;0;3;4;1;10,006;35,023;25,017;71,43020301;0;0;0;1;1;0;0;0;0;1
332;0;3;18;1;30;0;1;0;1;4;0;0;1;3;4;1;0;3;2;1;5,165;27,133;21,968;80,96413961;0;1;0;0;1;0;0;0;0;1
333;0;3;18;1;48;4;1;0;1;4;1;1;1;3;2;0;0;3;2;1;5,165;27,133;21,968;80,96413961;0;1;0;0;1;0;0;0;0;1
334;0;3;18;1;55;5;1;0;1;3;0;0;1;1;9;0;0;3;2;1;5,165;27,133;21,968;80,96413961;0;1;0;1;0;0;0;0;0;1
335;0;3;18;0;16;6;1;0;1;11;0;0;0;0;14;0;0;3;2;1;5,165;27,133;21,968;80,96413961;0;1;0;0;0;0;0;0;0;0
336;1;3;18;1;30;5;1;0;1;4;0;0;1;6;0;1;1;3;2;1;5,165;27,133;21,968;80,96413961;0;1;0;1;0;1;0;0;1;1
337;0;3;18;1;28;7;1;0;1;2;0;0;1;4;0;1;1;3;2;1;5,165;27,133;21,968;80,96413961;0;1;0;0;1;0;0;0;1;1
338;0;3;18;1;25;6;1;0;1;7;1;0;1;5;1;1;1;3;2;1;5,165;27,133;21,968;80,96413961;0;1;0;1;1;0;0;1;1;1
339;1;3;18;1;24;12;1;0;1;3;0;1;1;6;1;1;1;3;2;1;5,165;27,133;21,968;80,96413961;0;1;0;0;1;0;0;0;1;1
340;1;3;18;1;20;5;1;1;1;5;0;0;1;5;5;1;0;3;2;1;5,165;27,133;21,968;80,96413961;0;1;0;1;0;0;0;0;1;0
341;0;3;18;1;22;5;1;0;1;4;0;0;1;2;3;0;1;3;2;1;5,165;27,133;21,968;80,96413961;1;1;0;1;0;0;0;0;0;0
342;0;3;18;1;18;6;1;0;1;2;0;0;1;2;2;0;1;3;2;1;5,165;27,133;21,968;80,96413961;1;1;0;1;0;0;0;0;1;-1
343;1;3;18;1;14;4;1;1;1;6;0;1;1;5;2;1;1;3;2;1;5,165;27,133;21,968;80,96413961;1;0;0;0;1;0;0;1;1;1
344;1;3;18;0;27;7;1;1;1;7;0;0;1;3;1;1;0;3;2;1;5,165;27,133;21,968;80,96413961;0;1;0;0;1;0;0;0;0;1
345;0;3;18;0;20;8;1;1;1;1;0;0;1;0;14;0;0;3;2;1;5,165;27,133;21,968;80,96413961;0;1;0;0;0;0;0;0;0;0
346;0;3;18;0;24;5;1;0;1;3;0;0;1;0;12;0;0;3;2;1;5,165;27,133;21,968;80,96413961;0;1;0;1;1;0;0;0;0;0
347;0;3;18;0;21;5;1;0;1;3;0;0;0;2;8;0;0;3;2;1;5,165;27,133;21,968;80,96413961;1;1;1;1;0;0;0;0;0;0
348;0;3;18;1;30;1;1;0;1;10;1;1;1;2;6;0;0;3;2;1;5,165;27,133;21,968;80,96413961;0;1;0;0;1;0;0;1;1;0
349;0;3;18;0;30;0;1;0;1;3;0;0;0;0;14;0;0;3;2;1;5,165;27,133;21,968;80,96413961;1;1;0;0;1;0;0;0;0;0
350;0;3;18;1;85;0;1;0;1;10;1;0;1;4;8;0;0;3;2;1;5,165;27,133;21,968;80,96413961;0;1;0;1;0;0;0;0;0;0
351;0;3;18;1;27;3;1;0;1;NA;0;0;1;0;14;0;0;3;2;1;5,165;27,133;21,968;80,96413961;1;0;0;0;0;0;0;0;0;0
352;1;3;17;1;32;4;1;0;1;3;0;1;1;5;1;1;1;3;4;1;5,165;27,133;21,968;80,96413961;0;0;0;1;0;0;1;0;0;1
353;0;3;19;0;32;0;1;0;0;2;0;0;0;0;13;0;0;2;4;1;6,816;23,947;17,131;71,53714453;0;0;0;1;0;1;1;0;0;0
354;1;3;19;1;30;0;1;0;1;5;0;0;1;4;1;1;0;2;4;1;6,816;23,947;17,131;71,53714453;1;0;0;1;1;0;0;0;1;1
355;0;3;19;0;20;6;2;0;1;4;0;0;1;3;6;0;0;2;4;1;6,816;23,947;17,131;71,53714453;0;1;0;0;1;0;0;1;0;1
356;1;3;19;0;23;5;1;1;1;7;0;1;1;4;2;1;1;2;4;1;6,816;23,947;17,131;71,53714453;0;0;0;0;1;0;1;0;1;1
357;1;3;19;1;23;9;1;0;1;5;0;0;1;3;3;1;1;2;4;1;6,816;23,947;17,131;71,53714453;1;0;0;0;1;0;0;0;0;1
358;1;3;19;1;58;2;1;0;1;2;0;0;1;5;4;0;0;2;4;1;6,816;23,947;17,131;71,53714453;0;1;0;0;0;1;0;1;0;1
359;0;3;19;0;45;3;1;1;1;2;0;0;1;1;12;0;0;2;4;1;6,816;23,947;17,131;71,53714453;1;1;0;0;0;0;0;1;0;0
360;0;3;19;1;25;3;1;1;1;3;0;0;1;3;3;0;0;2;4;1;6,816;23,947;17,131;71,53714453;0;1;0;0;1;0;0;1;1;-1
361;0;3;19;0;27;3;1;0;1;2;0;0;1;3;5;0;1;2;4;1;6,816;23,947;17,131;71,53714453;0;1;0;0;1;0;0;1;0;1
362;1;3;19;1;44;2;1;1;1;9;0;0;1;4;9;1;0;2;4;1;6,816;23,947;17,131;71,53714453;1;0;1;0;0;0;0;0;1;0
363;0;3;19;0;36;3;1;1;1;2;1;1;1;4;1;0;0;2;4;1;6,816;23,947;17,131;71,53714453;0;1;0;1;0;0;1;1;0;1
364;0;3;19;1;19;6;3;0;1;5;0;0;0;0;10;0;0;2;4;1;6,816;23,947;17,131;71,53714453;1;1;0;0;0;0;0;0;0;0
365;1;3;19;1;28;12;1;0;1;4;0;1;1;4;1;1;1;2;4;1;6,816;23,947;17,131;71,53714453;0;1;0;1;0;0;0;1;0;1
366;0;3;19;0;46;4;1;0;1;3;0;0;1;1;9;0;0;2;4;1;6,816;23,947;17,131;71,53714453;0;1;0;1;1;0;0;1;0;1
367;1;3;19;1;58;12;1;1;1;7;0;1;1;4;2;1;0;2;4;1;6,816;23,947;17,131;71,53714453;0;1;1;0;1;0;0;1;1;1
368;1;3;19;1;24;3;1;0;1;3;0;0;1;2;2;0;0;2;4;1;6,816;23,947;17,131;71,53714453;0;1;0;0;1;1;0;1;1;1
369;0;3;19;0;20;4;1;0;1;0;0;0;1;2;9;0;0;2;4;1;6,816;23,947;17,131;71,53714453;0;0;0;0;1;0;0;0;0;1
370;1;3;19;1;20;10;1;0;1;3;0;0;1;1;4;0;1;2;4;1;6,816;23,947;17,131;71,53714453;0;1;0;0;1;0;0;0;0;1
371;0;3;19;1;13;4;1;0;1;2;0;0;1;4;0;0;0;2;4;1;6,816;23,947;17,131;71,53714453;0;1;0;0;1;0;0;0;0;1
372;0;3;19;0;29;0;1;1;1;6;0;0;1;2;5;0;0;2;4;1;6,816;23,947;17,131;71,53714453;0;1;0;0;1;0;0;0;0;1
373;0;3;20;1;28;7;1;1;1;4;1;0;1;5;3;1;0;2;2;0;6,356;23,354;16,998;72,78410551;0;1;0;0;1;0;0;1;0;1
374;0;3;20;0;50;0;1;1;1;0;0;0;0;0;13;0;0;2;2;0;6,356;23,354;16,998;72,78410551;0;1;0;0;0;0;0;0;0;0
375;0;3;20;0;23;0;1;0;1;5;0;0;1;0;8;0;0;2;2;0;6,356;23,354;16,998;72,78410551;1;1;0;0;1;0;0;0;0;0
376;1;3;20;0;54;0;2;0;1;3;0;0;1;0;11;0;0;2;2;0;6,356;23,354;16,998;72,78410551;0;1;1;1;0;0;0;0;0;1
377;0;3;20;1;22;4;1;0;1;2;0;0;1;3;0;0;0;2;2;0;6,356;23,354;16,998;72,78410551;1;1;0;0;1;0;0;1;1;1
378;0;3;20;1;26;2;1;0;1;5;1;0;1;1;2;0;0;2;2;0;6,356;23,354;16,998;72,78410551;1;0;0;0;1;0;0;0;1;1
379;0;3;20;0;35;0;1;1;1;4;0;0;0;0;14;0;0;2;2;0;6,356;23,354;16,998;72,78410551;1;1;0;0;0;0;0;0;0;0
380;0;3;20;1;22;4;3;0;1;1;0;0;1;2;6;0;0;2;2;0;6,356;23,354;16,998;72,78410551;0;1;0;0;1;0;0;0;1;-1
381;1;3;20;1;25;2;1;1;1;9;0;1;1;3;0;0;0;2;2;0;6,356;23,354;16,998;72,78410551;0;1;0;0;1;1;0;1;1;1
382;1;3;20;1;19;3;1;1;1;6;0;1;1;3;2;1;1;2;2;0;6,356;23,354;16,998;72,78410551;0;1;0;1;1;0;0;1;0;1
383;0;3;20;0;56;0;1;0;1;10;0;0;1;3;6;1;0;2;2;0;6,356;23,354;16,998;72,78410551;1;0;1;0;0;1;0;0;1;1
384;1;3;20;1;36;3;1;0;1;2;0;1;1;4;2;1;0;2;2;0;6,356;23,354;16,998;72,78410551;0;0;0;0;1;0;0;1;1;1
385;0;3;20;1;60;2;1;0;1;6;0;0;1;3;6;0;0;2;2;0;6,356;23,354;16,998;72,78410551;1;0;1;1;0;0;0;1;0;1
386;1;3;20;0;60;0;1;0;1;6;0;0;1;5;3;1;1;2;2;0;6,356;23,354;16,998;72,78410551;0;1;0;1;0;0;0;0;0;1
387;0;3;20;0;63;0;2;0;1;6;0;0;1;0;14;0;0;2;2;0;6,356;23,354;16,998;72,78410551;0;1;0;0;0;0;0;0;0;0
388;1;3;20;1;33;0;1;1;1;1;0;1;1;3;2;0;1;2;2;0;6,356;23,354;16,998;72,78410551;0;1;0;0;1;0;0;0;1;1
389;0;3;20;1;20;3;1;0;1;4;0;0;1;3;2;0;1;2;2;0;6,356;23,354;16,998;72,78410551;0;1;0;0;1;0;0;1;0;1
390;1;3;20;1;32;3;2;0;1;3;0;0;1;2;0;1;0;2;2;0;6,356;23,354;16,998;72,78410551;0;1;0;0;1;1;0;1;0;1
391;1;3;20;1;57;0;1;0;1;3;0;0;1;4;3;0;0;2;2;0;6,356;23,354;16,998;72,78410551;0;1;0;0;1;0;0;0;1;1
392;1;3;20;1;20;5;1;0;1;10;0;0;1;0;9;0;0;2;2;0;6,356;23,354;16,998;72,78410551;0;1;0;0;1;0;0;0;1;1
